--
-- PostgreSQL database dump
--

-- Dumped from database version 15.13
-- Dumped by pg_dump version 15.13

SET statement_timeout = 0;
SET lock_timeout = 0;
SET idle_in_transaction_session_timeout = 0;
SET client_encoding = 'UTF8';
SET standard_conforming_strings = on;
SELECT pg_catalog.set_config('search_path', '', false);
SET check_function_bodies = false;
SET xmloption = content;
SET client_min_messages = warning;
SET row_security = off;

SET default_tablespace = '';

SET default_table_access_method = heap;

--
-- Name: auth_group; Type: TABLE; Schema: public; Owner: jersey_user
--

CREATE TABLE public.auth_group (
    id integer NOT NULL,
    name character varying(150) NOT NULL
);


ALTER TABLE public.auth_group OWNER TO jersey_user;

--
-- Name: auth_group_id_seq; Type: SEQUENCE; Schema: public; Owner: jersey_user
--

ALTER TABLE public.auth_group ALTER COLUMN id ADD GENERATED BY DEFAULT AS IDENTITY (
    SEQUENCE NAME public.auth_group_id_seq
    START WITH 1
    INCREMENT BY 1
    NO MINVALUE
    NO MAXVALUE
    CACHE 1
);


--
-- Name: auth_group_permissions; Type: TABLE; Schema: public; Owner: jersey_user
--

CREATE TABLE public.auth_group_permissions (
    id bigint NOT NULL,
    group_id integer NOT NULL,
    permission_id integer NOT NULL
);


ALTER TABLE public.auth_group_permissions OWNER TO jersey_user;

--
-- Name: auth_group_permissions_id_seq; Type: SEQUENCE; Schema: public; Owner: jersey_user
--

ALTER TABLE public.auth_group_permissions ALTER COLUMN id ADD GENERATED BY DEFAULT AS IDENTITY (
    SEQUENCE NAME public.auth_group_permissions_id_seq
    START WITH 1
    INCREMENT BY 1
    NO MINVALUE
    NO MAXVALUE
    CACHE 1
);


--
-- Name: auth_permission; Type: TABLE; Schema: public; Owner: jersey_user
--

CREATE TABLE public.auth_permission (
    id integer NOT NULL,
    name character varying(255) NOT NULL,
    content_type_id integer NOT NULL,
    codename character varying(100) NOT NULL
);


ALTER TABLE public.auth_permission OWNER TO jersey_user;

--
-- Name: auth_permission_id_seq; Type: SEQUENCE; Schema: public; Owner: jersey_user
--

ALTER TABLE public.auth_permission ALTER COLUMN id ADD GENERATED BY DEFAULT AS IDENTITY (
    SEQUENCE NAME public.auth_permission_id_seq
    START WITH 1
    INCREMENT BY 1
    NO MINVALUE
    NO MAXVALUE
    CACHE 1
);


--
-- Name: booking_booking; Type: TABLE; Schema: public; Owner: jersey_user
--

CREATE TABLE public.booking_booking (
    id bigint NOT NULL,
    first_name character varying(100) NOT NULL,
    last_name character varying(100) NOT NULL,
    email character varying(254) NOT NULL,
    phone character varying(20) NOT NULL,
    paypal_order_id character varying(100) NOT NULL,
    status character varying(20) NOT NULL,
    total_amount numeric(10,2) NOT NULL,
    created_at timestamp with time zone NOT NULL,
    event_id bigint NOT NULL,
    user_id bigint
);


ALTER TABLE public.booking_booking OWNER TO jersey_user;

--
-- Name: booking_booking_id_seq; Type: SEQUENCE; Schema: public; Owner: jersey_user
--

ALTER TABLE public.booking_booking ALTER COLUMN id ADD GENERATED BY DEFAULT AS IDENTITY (
    SEQUENCE NAME public.booking_booking_id_seq
    START WITH 1
    INCREMENT BY 1
    NO MINVALUE
    NO MAXVALUE
    CACHE 1
);


--
-- Name: booking_bookingticket; Type: TABLE; Schema: public; Owner: jersey_user
--

CREATE TABLE public.booking_bookingticket (
    id bigint NOT NULL,
    quantity integer NOT NULL,
    price numeric(10,2) NOT NULL,
    booking_id bigint NOT NULL,
    ticket_type_id bigint NOT NULL
);


ALTER TABLE public.booking_bookingticket OWNER TO jersey_user;

--
-- Name: booking_bookingticket_id_seq; Type: SEQUENCE; Schema: public; Owner: jersey_user
--

ALTER TABLE public.booking_bookingticket ALTER COLUMN id ADD GENERATED BY DEFAULT AS IDENTITY (
    SEQUENCE NAME public.booking_bookingticket_id_seq
    START WITH 1
    INCREMENT BY 1
    NO MINVALUE
    NO MAXVALUE
    CACHE 1
);


--
-- Name: booking_cart; Type: TABLE; Schema: public; Owner: jersey_user
--

CREATE TABLE public.booking_cart (
    id bigint NOT NULL,
    session_key character varying(255) NOT NULL,
    created_at timestamp with time zone NOT NULL,
    updated_at timestamp with time zone NOT NULL
);


ALTER TABLE public.booking_cart OWNER TO jersey_user;

--
-- Name: booking_cart_id_seq; Type: SEQUENCE; Schema: public; Owner: jersey_user
--

ALTER TABLE public.booking_cart ALTER COLUMN id ADD GENERATED BY DEFAULT AS IDENTITY (
    SEQUENCE NAME public.booking_cart_id_seq
    START WITH 1
    INCREMENT BY 1
    NO MINVALUE
    NO MAXVALUE
    CACHE 1
);


--
-- Name: booking_cart_item; Type: TABLE; Schema: public; Owner: jersey_user
--

CREATE TABLE public.booking_cart_item (
    id bigint NOT NULL,
    quantity integer NOT NULL,
    added_at timestamp with time zone NOT NULL,
    cart_id bigint NOT NULL,
    event_id bigint NOT NULL,
    ticket_type_id bigint NOT NULL,
    CONSTRAINT booking_cart_item_quantity_check CHECK ((quantity >= 0))
);


ALTER TABLE public.booking_cart_item OWNER TO jersey_user;

--
-- Name: booking_cart_item_id_seq; Type: SEQUENCE; Schema: public; Owner: jersey_user
--

ALTER TABLE public.booking_cart_item ALTER COLUMN id ADD GENERATED BY DEFAULT AS IDENTITY (
    SEQUENCE NAME public.booking_cart_item_id_seq
    START WITH 1
    INCREMENT BY 1
    NO MINVALUE
    NO MAXVALUE
    CACHE 1
);


--
-- Name: booking_guest_checkout; Type: TABLE; Schema: public; Owner: jersey_user
--

CREATE TABLE public.booking_guest_checkout (
    id bigint NOT NULL,
    email character varying(254) NOT NULL,
    created_account boolean NOT NULL,
    created_at timestamp with time zone NOT NULL,
    order_id bigint NOT NULL
);


ALTER TABLE public.booking_guest_checkout OWNER TO jersey_user;

--
-- Name: booking_guest_checkout_id_seq; Type: SEQUENCE; Schema: public; Owner: jersey_user
--

ALTER TABLE public.booking_guest_checkout ALTER COLUMN id ADD GENERATED BY DEFAULT AS IDENTITY (
    SEQUENCE NAME public.booking_guest_checkout_id_seq
    START WITH 1
    INCREMENT BY 1
    NO MINVALUE
    NO MAXVALUE
    CACHE 1
);


--
-- Name: booking_order; Type: TABLE; Schema: public; Owner: jersey_user
--

CREATE TABLE public.booking_order (
    id bigint NOT NULL,
    order_number character varying(32) NOT NULL,
    email character varying(254) NOT NULL,
    qr_code text,
    first_name character varying(100) NOT NULL,
    last_name character varying(100) NOT NULL,
    phone character varying(20) NOT NULL,
    total_amount numeric(10,2) NOT NULL,
    status character varying(20) NOT NULL,
    paypal_order_id character varying(255) NOT NULL,
    paypal_capture_id character varying(255) NOT NULL,
    paypal_payer_id character varying(255) NOT NULL,
    created_at timestamp with time zone NOT NULL,
    updated_at timestamp with time zone NOT NULL,
    paid_at timestamp with time zone,
    notes text NOT NULL,
    ip_address inet,
    user_id bigint
);


ALTER TABLE public.booking_order OWNER TO jersey_user;

--
-- Name: booking_order_id_seq; Type: SEQUENCE; Schema: public; Owner: jersey_user
--

ALTER TABLE public.booking_order ALTER COLUMN id ADD GENERATED BY DEFAULT AS IDENTITY (
    SEQUENCE NAME public.booking_order_id_seq
    START WITH 1
    INCREMENT BY 1
    NO MINVALUE
    NO MAXVALUE
    CACHE 1
);


--
-- Name: booking_order_item; Type: TABLE; Schema: public; Owner: jersey_user
--

CREATE TABLE public.booking_order_item (
    id bigint NOT NULL,
    quantity integer NOT NULL,
    price numeric(10,2) NOT NULL,
    event_id bigint NOT NULL,
    order_id bigint NOT NULL,
    ticket_type_id bigint NOT NULL,
    CONSTRAINT booking_order_item_quantity_check CHECK ((quantity >= 0))
);


ALTER TABLE public.booking_order_item OWNER TO jersey_user;

--
-- Name: booking_order_item_id_seq; Type: SEQUENCE; Schema: public; Owner: jersey_user
--

ALTER TABLE public.booking_order_item ALTER COLUMN id ADD GENERATED BY DEFAULT AS IDENTITY (
    SEQUENCE NAME public.booking_order_item_id_seq
    START WITH 1
    INCREMENT BY 1
    NO MINVALUE
    NO MAXVALUE
    CACHE 1
);


--
-- Name: booking_ticket; Type: TABLE; Schema: public; Owner: jersey_user
--

CREATE TABLE public.booking_ticket (
    id bigint NOT NULL,
    ticket_number character varying(64) NOT NULL,
    qr_code text,
    is_used boolean NOT NULL,
    used_at timestamp with time zone,
    order_item_id bigint NOT NULL
);


ALTER TABLE public.booking_ticket OWNER TO jersey_user;

--
-- Name: booking_ticket_id_seq; Type: SEQUENCE; Schema: public; Owner: jersey_user
--

ALTER TABLE public.booking_ticket ALTER COLUMN id ADD GENERATED BY DEFAULT AS IDENTITY (
    SEQUENCE NAME public.booking_ticket_id_seq
    START WITH 1
    INCREMENT BY 1
    NO MINVALUE
    NO MAXVALUE
    CACHE 1
);


--
-- Name: django_admin_log; Type: TABLE; Schema: public; Owner: jersey_user
--

CREATE TABLE public.django_admin_log (
    id integer NOT NULL,
    action_time timestamp with time zone NOT NULL,
    object_id text,
    object_repr character varying(200) NOT NULL,
    action_flag smallint NOT NULL,
    change_message text NOT NULL,
    content_type_id integer,
    user_id bigint NOT NULL,
    CONSTRAINT django_admin_log_action_flag_check CHECK ((action_flag >= 0))
);


ALTER TABLE public.django_admin_log OWNER TO jersey_user;

--
-- Name: django_admin_log_id_seq; Type: SEQUENCE; Schema: public; Owner: jersey_user
--

ALTER TABLE public.django_admin_log ALTER COLUMN id ADD GENERATED BY DEFAULT AS IDENTITY (
    SEQUENCE NAME public.django_admin_log_id_seq
    START WITH 1
    INCREMENT BY 1
    NO MINVALUE
    NO MAXVALUE
    CACHE 1
);


--
-- Name: django_content_type; Type: TABLE; Schema: public; Owner: jersey_user
--

CREATE TABLE public.django_content_type (
    id integer NOT NULL,
    app_label character varying(100) NOT NULL,
    model character varying(100) NOT NULL
);


ALTER TABLE public.django_content_type OWNER TO jersey_user;

--
-- Name: django_content_type_id_seq; Type: SEQUENCE; Schema: public; Owner: jersey_user
--

ALTER TABLE public.django_content_type ALTER COLUMN id ADD GENERATED BY DEFAULT AS IDENTITY (
    SEQUENCE NAME public.django_content_type_id_seq
    START WITH 1
    INCREMENT BY 1
    NO MINVALUE
    NO MAXVALUE
    CACHE 1
);


--
-- Name: django_migrations; Type: TABLE; Schema: public; Owner: jersey_user
--

CREATE TABLE public.django_migrations (
    id bigint NOT NULL,
    app character varying(255) NOT NULL,
    name character varying(255) NOT NULL,
    applied timestamp with time zone NOT NULL
);


ALTER TABLE public.django_migrations OWNER TO jersey_user;

--
-- Name: django_migrations_id_seq; Type: SEQUENCE; Schema: public; Owner: jersey_user
--

ALTER TABLE public.django_migrations ALTER COLUMN id ADD GENERATED BY DEFAULT AS IDENTITY (
    SEQUENCE NAME public.django_migrations_id_seq
    START WITH 1
    INCREMENT BY 1
    NO MINVALUE
    NO MAXVALUE
    CACHE 1
);


--
-- Name: django_session; Type: TABLE; Schema: public; Owner: jersey_user
--

CREATE TABLE public.django_session (
    session_key character varying(40) NOT NULL,
    session_data text NOT NULL,
    expire_date timestamp with time zone NOT NULL
);


ALTER TABLE public.django_session OWNER TO jersey_user;

--
-- Name: event_management_category; Type: TABLE; Schema: public; Owner: jersey_user
--

CREATE TABLE public.event_management_category (
    id bigint NOT NULL,
    name character varying(100) NOT NULL,
    slug character varying(100) NOT NULL,
    icon character varying(50) NOT NULL,
    color character varying(7) NOT NULL
);


ALTER TABLE public.event_management_category OWNER TO jersey_user;

--
-- Name: event_management_category_id_seq; Type: SEQUENCE; Schema: public; Owner: jersey_user
--

ALTER TABLE public.event_management_category ALTER COLUMN id ADD GENERATED BY DEFAULT AS IDENTITY (
    SEQUENCE NAME public.event_management_category_id_seq
    START WITH 1
    INCREMENT BY 1
    NO MINVALUE
    NO MAXVALUE
    CACHE 1
);


--
-- Name: event_management_event; Type: TABLE; Schema: public; Owner: jersey_user
--

CREATE TABLE public.event_management_event (
    id bigint NOT NULL,
    title character varying(200) NOT NULL,
    slug character varying(200) NOT NULL,
    description text NOT NULL,
    venue character varying(200) NOT NULL,
    address character varying(300) NOT NULL,
    date timestamp with time zone NOT NULL,
    end_date timestamp with time zone,
    image character varying(100),
    price numeric(10,2) NOT NULL,
    capacity integer NOT NULL,
    tickets_sold integer NOT NULL,
    is_featured boolean NOT NULL,
    is_premium boolean NOT NULL,
    is_active boolean NOT NULL,
    pet_friendly boolean NOT NULL,
    family_friendly boolean NOT NULL,
    has_offers boolean NOT NULL,
    plan_paid boolean NOT NULL,
    paypal_order_id character varying(255) NOT NULL,
    paid_at timestamp with time zone,
    is_approved boolean NOT NULL,
    approved_at timestamp with time zone,
    created_at timestamp with time zone NOT NULL,
    updated_at timestamp with time zone NOT NULL,
    search_vector tsvector,
    approved_by_id bigint,
    category_id bigint NOT NULL,
    organizer_id bigint NOT NULL,
    platform_plan_id bigint,
    admin_notes text NOT NULL,
    listing_fee numeric(10,2) NOT NULL,
    listing_paid boolean NOT NULL,
    listing_paid_at timestamp with time zone,
    listing_tier character varying(50) NOT NULL,
    reviewed_at timestamp with time zone,
    reviewed_by_id bigint,
    status character varying(20) NOT NULL
);


ALTER TABLE public.event_management_event OWNER TO jersey_user;

--
-- Name: event_management_event_id_seq; Type: SEQUENCE; Schema: public; Owner: jersey_user
--

ALTER TABLE public.event_management_event ALTER COLUMN id ADD GENERATED BY DEFAULT AS IDENTITY (
    SEQUENCE NAME public.event_management_event_id_seq
    START WITH 1
    INCREMENT BY 1
    NO MINVALUE
    NO MAXVALUE
    CACHE 1
);


--
-- Name: event_management_eventimage; Type: TABLE; Schema: public; Owner: jersey_user
--

CREATE TABLE public.event_management_eventimage (
    id bigint NOT NULL,
    image character varying(100) NOT NULL,
    caption character varying(200) NOT NULL,
    "order" integer NOT NULL,
    event_id bigint NOT NULL
);


ALTER TABLE public.event_management_eventimage OWNER TO jersey_user;

--
-- Name: event_management_eventimage_id_seq; Type: SEQUENCE; Schema: public; Owner: jersey_user
--

ALTER TABLE public.event_management_eventimage ALTER COLUMN id ADD GENERATED BY DEFAULT AS IDENTITY (
    SEQUENCE NAME public.event_management_eventimage_id_seq
    START WITH 1
    INCREMENT BY 1
    NO MINVALUE
    NO MAXVALUE
    CACHE 1
);


--
-- Name: event_management_eventplanpayment; Type: TABLE; Schema: public; Owner: jersey_user
--

CREATE TABLE public.event_management_eventplanpayment (
    id bigint NOT NULL,
    amount_paid numeric(6,2) NOT NULL,
    paypal_order_id character varying(255) NOT NULL,
    paid_at timestamp with time zone NOT NULL,
    event_id bigint NOT NULL,
    plan_id bigint NOT NULL
);


ALTER TABLE public.event_management_eventplanpayment OWNER TO jersey_user;

--
-- Name: event_management_eventplanpayment_id_seq; Type: SEQUENCE; Schema: public; Owner: jersey_user
--

ALTER TABLE public.event_management_eventplanpayment ALTER COLUMN id ADD GENERATED BY DEFAULT AS IDENTITY (
    SEQUENCE NAME public.event_management_eventplanpayment_id_seq
    START WITH 1
    INCREMENT BY 1
    NO MINVALUE
    NO MAXVALUE
    CACHE 1
);


--
-- Name: event_management_platformplan; Type: TABLE; Schema: public; Owner: jersey_user
--

CREATE TABLE public.event_management_platformplan (
    id bigint NOT NULL,
    name character varying(50) NOT NULL,
    slug character varying(50) NOT NULL,
    max_tickets integer NOT NULL,
    price_per_event numeric(6,2) NOT NULL,
    price_per_month numeric(6,2),
    price_per_year numeric(6,2),
    features jsonb NOT NULL,
    is_active boolean NOT NULL,
    display_order integer NOT NULL
);


ALTER TABLE public.event_management_platformplan OWNER TO jersey_user;

--
-- Name: event_management_platformplan_id_seq; Type: SEQUENCE; Schema: public; Owner: jersey_user
--

ALTER TABLE public.event_management_platformplan ALTER COLUMN id ADD GENERATED BY DEFAULT AS IDENTITY (
    SEQUENCE NAME public.event_management_platformplan_id_seq
    START WITH 1
    INCREMENT BY 1
    NO MINVALUE
    NO MAXVALUE
    CACHE 1
);


--
-- Name: event_management_tickettype; Type: TABLE; Schema: public; Owner: jersey_user
--

CREATE TABLE public.event_management_tickettype (
    id bigint NOT NULL,
    name character varying(100) NOT NULL,
    description text NOT NULL,
    price numeric(8,2) NOT NULL,
    quantity_available integer NOT NULL,
    quantity_sold integer NOT NULL,
    sale_starts timestamp with time zone NOT NULL,
    sale_ends timestamp with time zone NOT NULL,
    display_order integer NOT NULL,
    is_active boolean NOT NULL,
    event_id bigint NOT NULL
);


ALTER TABLE public.event_management_tickettype OWNER TO jersey_user;

--
-- Name: event_management_tickettype_id_seq; Type: SEQUENCE; Schema: public; Owner: jersey_user
--

ALTER TABLE public.event_management_tickettype ALTER COLUMN id ADD GENERATED BY DEFAULT AS IDENTITY (
    SEQUENCE NAME public.event_management_tickettype_id_seq
    START WITH 1
    INCREMENT BY 1
    NO MINVALUE
    NO MAXVALUE
    CACHE 1
);


--
-- Name: organizers; Type: TABLE; Schema: public; Owner: jersey_user
--

CREATE TABLE public.organizers (
    id bigint NOT NULL,
    company_name character varying(255) NOT NULL,
    company_registration character varying(100) NOT NULL,
    vat_number character varying(50) NOT NULL,
    business_email character varying(254) NOT NULL,
    business_phone character varying(20) NOT NULL,
    website character varying(200) NOT NULL,
    address_line_1 character varying(255) NOT NULL,
    address_line_2 character varying(255) NOT NULL,
    city character varying(100) NOT NULL,
    parish character varying(50) NOT NULL,
    postal_code character varying(10) NOT NULL,
    paypal_email character varying(254) NOT NULL,
    payment_ready boolean NOT NULL,
    payment_setup_date timestamp with time zone,
    is_verified boolean NOT NULL,
    verification_documents character varying(100),
    verified_at timestamp with time zone,
    commission_rate numeric(5,2) NOT NULL,
    logo character varying(100),
    description text NOT NULL,
    facebook character varying(200) NOT NULL,
    instagram character varying(200) NOT NULL,
    twitter character varying(200) NOT NULL,
    created_at timestamp with time zone NOT NULL,
    updated_at timestamp with time zone NOT NULL,
    user_id bigint NOT NULL,
    verified_by_id bigint
);


ALTER TABLE public.organizers OWNER TO jersey_user;

--
-- Name: organizers_id_seq; Type: SEQUENCE; Schema: public; Owner: jersey_user
--

ALTER TABLE public.organizers ALTER COLUMN id ADD GENERATED BY DEFAULT AS IDENTITY (
    SEQUENCE NAME public.organizers_id_seq
    START WITH 1
    INCREMENT BY 1
    NO MINVALUE
    NO MAXVALUE
    CACHE 1
);


--
-- Name: users; Type: TABLE; Schema: public; Owner: jersey_user
--

CREATE TABLE public.users (
    id bigint NOT NULL,
    password character varying(128) NOT NULL,
    last_login timestamp with time zone,
    is_superuser boolean NOT NULL,
    username character varying(150) NOT NULL,
    first_name character varying(150) NOT NULL,
    last_name character varying(150) NOT NULL,
    email character varying(254) NOT NULL,
    is_staff boolean NOT NULL,
    is_active boolean NOT NULL,
    date_joined timestamp with time zone NOT NULL,
    phone_number character varying(20) NOT NULL,
    date_of_birth date,
    newsletter_subscription boolean NOT NULL,
    sms_notifications boolean NOT NULL,
    profile_picture character varying(100),
    email_verified boolean NOT NULL,
    email_verification_token uuid NOT NULL,
    created_at timestamp with time zone NOT NULL,
    updated_at timestamp with time zone NOT NULL
);


ALTER TABLE public.users OWNER TO jersey_user;

--
-- Name: users_groups; Type: TABLE; Schema: public; Owner: jersey_user
--

CREATE TABLE public.users_groups (
    id bigint NOT NULL,
    user_id bigint NOT NULL,
    group_id integer NOT NULL
);


ALTER TABLE public.users_groups OWNER TO jersey_user;

--
-- Name: users_groups_id_seq; Type: SEQUENCE; Schema: public; Owner: jersey_user
--

ALTER TABLE public.users_groups ALTER COLUMN id ADD GENERATED BY DEFAULT AS IDENTITY (
    SEQUENCE NAME public.users_groups_id_seq
    START WITH 1
    INCREMENT BY 1
    NO MINVALUE
    NO MAXVALUE
    CACHE 1
);


--
-- Name: users_id_seq; Type: SEQUENCE; Schema: public; Owner: jersey_user
--

ALTER TABLE public.users ALTER COLUMN id ADD GENERATED BY DEFAULT AS IDENTITY (
    SEQUENCE NAME public.users_id_seq
    START WITH 1
    INCREMENT BY 1
    NO MINVALUE
    NO MAXVALUE
    CACHE 1
);


--
-- Name: users_user_permissions; Type: TABLE; Schema: public; Owner: jersey_user
--

CREATE TABLE public.users_user_permissions (
    id bigint NOT NULL,
    user_id bigint NOT NULL,
    permission_id integer NOT NULL
);


ALTER TABLE public.users_user_permissions OWNER TO jersey_user;

--
-- Name: users_user_permissions_id_seq; Type: SEQUENCE; Schema: public; Owner: jersey_user
--

ALTER TABLE public.users_user_permissions ALTER COLUMN id ADD GENERATED BY DEFAULT AS IDENTITY (
    SEQUENCE NAME public.users_user_permissions_id_seq
    START WITH 1
    INCREMENT BY 1
    NO MINVALUE
    NO MAXVALUE
    CACHE 1
);


--
-- Data for Name: auth_group; Type: TABLE DATA; Schema: public; Owner: jersey_user
--

COPY public.auth_group (id, name) FROM stdin;
\.


--
-- Data for Name: auth_group_permissions; Type: TABLE DATA; Schema: public; Owner: jersey_user
--

COPY public.auth_group_permissions (id, group_id, permission_id) FROM stdin;
\.


--
-- Data for Name: auth_permission; Type: TABLE DATA; Schema: public; Owner: jersey_user
--

COPY public.auth_permission (id, name, content_type_id, codename) FROM stdin;
1	Can add log entry	1	add_logentry
2	Can change log entry	1	change_logentry
3	Can delete log entry	1	delete_logentry
4	Can view log entry	1	view_logentry
5	Can add permission	2	add_permission
6	Can change permission	2	change_permission
7	Can delete permission	2	delete_permission
8	Can view permission	2	view_permission
9	Can add group	3	add_group
10	Can change group	3	change_group
11	Can delete group	3	delete_group
12	Can view group	3	view_group
13	Can add content type	4	add_contenttype
14	Can change content type	4	change_contenttype
15	Can delete content type	4	delete_contenttype
16	Can view content type	4	view_contenttype
17	Can add session	5	add_session
18	Can change session	5	change_session
19	Can delete session	5	delete_session
20	Can view session	5	view_session
21	Can add User	6	add_user
22	Can change User	6	change_user
23	Can delete User	6	delete_user
24	Can view User	6	view_user
25	Can add Organizer	7	add_organizer
26	Can change Organizer	7	change_organizer
27	Can delete Organizer	7	delete_organizer
28	Can view Organizer	7	view_organizer
29	Can add category	8	add_category
30	Can change category	8	change_category
31	Can delete category	8	delete_category
32	Can view category	8	view_category
33	Can add platform plan	9	add_platformplan
34	Can change platform plan	9	change_platformplan
35	Can delete platform plan	9	delete_platformplan
36	Can view platform plan	9	view_platformplan
37	Can add event	10	add_event
38	Can change event	10	change_event
39	Can delete event	10	delete_event
40	Can view event	10	view_event
41	Can approve events	10	can_approve_events
42	Can add event image	11	add_eventimage
43	Can change event image	11	change_eventimage
44	Can delete event image	11	delete_eventimage
45	Can view event image	11	view_eventimage
46	Can add event plan payment	12	add_eventplanpayment
47	Can change event plan payment	12	change_eventplanpayment
48	Can delete event plan payment	12	delete_eventplanpayment
49	Can view event plan payment	12	view_eventplanpayment
50	Can add ticket type	13	add_tickettype
51	Can change ticket type	13	change_tickettype
52	Can delete ticket type	13	delete_tickettype
53	Can view ticket type	13	view_tickettype
54	Can add cart	14	add_cart
55	Can change cart	14	change_cart
56	Can delete cart	14	delete_cart
57	Can view cart	14	view_cart
58	Can add booking	15	add_booking
59	Can change booking	15	change_booking
60	Can delete booking	15	delete_booking
61	Can view booking	15	view_booking
62	Can add booking ticket	16	add_bookingticket
63	Can change booking ticket	16	change_bookingticket
64	Can delete booking ticket	16	delete_bookingticket
65	Can view booking ticket	16	view_bookingticket
66	Can add order	17	add_order
67	Can change order	17	change_order
68	Can delete order	17	delete_order
69	Can view order	17	view_order
70	Can add guest checkout	18	add_guestcheckout
71	Can change guest checkout	18	change_guestcheckout
72	Can delete guest checkout	18	delete_guestcheckout
73	Can view guest checkout	18	view_guestcheckout
74	Can add order item	19	add_orderitem
75	Can change order item	19	change_orderitem
76	Can delete order item	19	delete_orderitem
77	Can view order item	19	view_orderitem
78	Can add ticket	20	add_ticket
79	Can change ticket	20	change_ticket
80	Can delete ticket	20	delete_ticket
81	Can view ticket	20	view_ticket
82	Can add cart item	21	add_cartitem
83	Can change cart item	21	change_cartitem
84	Can delete cart item	21	delete_cartitem
85	Can view cart item	21	view_cartitem
86	Can add order	22	add_order
87	Can change order	22	change_order
88	Can delete order	22	delete_order
89	Can view order	22	view_order
90	Can add order item	23	add_orderitem
91	Can change order item	23	change_orderitem
92	Can delete order item	23	delete_orderitem
93	Can view order item	23	view_orderitem
\.


--
-- Data for Name: booking_booking; Type: TABLE DATA; Schema: public; Owner: jersey_user
--

COPY public.booking_booking (id, first_name, last_name, email, phone, paypal_order_id, status, total_amount, created_at, event_id, user_id) FROM stdin;
\.


--
-- Data for Name: booking_bookingticket; Type: TABLE DATA; Schema: public; Owner: jersey_user
--

COPY public.booking_bookingticket (id, quantity, price, booking_id, ticket_type_id) FROM stdin;
\.


--
-- Data for Name: booking_cart; Type: TABLE DATA; Schema: public; Owner: jersey_user
--

COPY public.booking_cart (id, session_key, created_at, updated_at) FROM stdin;
1	11vmgh0gfnv6gr37vr8qifjzo2gpcbpv	2025-06-30 16:33:55.985916+00	2025-06-30 16:33:55.985924+00
2	c7fhl08x104ke0ineczj5i4pdgdeyuew	2025-06-30 16:34:17.77681+00	2025-06-30 16:34:17.776814+00
3	3r3dxag2bgb5jjtni759o8d5siwjzux3	2025-06-30 17:01:23.3444+00	2025-06-30 17:01:23.344408+00
4	acv7bvhzfsbym2qou305rrowx3g6t6uu	2025-06-30 17:01:36.864474+00	2025-06-30 17:01:36.864478+00
5	iwfe7sxfb33lakohrgi4b2c0soddn8c8	2025-06-30 19:28:15.285036+00	2025-06-30 19:28:15.285063+00
6	7z275zjjr375kfsaqr2qfoqyilks31k7	2025-06-30 19:28:46.14486+00	2025-06-30 19:28:46.144864+00
7	cvtlrxpw262go1i9p095vtv5gnxu4idz	2025-07-01 07:37:27.196701+00	2025-07-01 07:37:27.19674+00
8	33cfdix2nwzgapfhwh8sxczddhbka1ad	2025-07-01 07:39:58.444933+00	2025-07-01 07:39:58.444937+00
9	j98qmu7f2mgu2ywjyv88th4roj8eua21	2025-07-01 07:42:59.137669+00	2025-07-01 07:42:59.137687+00
10	el0da3b0rordqoyn31nagtj2dmfvzjs1	2025-07-01 07:43:21.441947+00	2025-07-01 07:43:21.441951+00
11	eu9mzhvrazuzxxbn4bocbuat5vov67um	2025-07-01 07:53:09.954477+00	2025-07-01 07:53:09.954486+00
12	mfsxwrvkd8zsqa86k23i4o1h1cm90siv	2025-07-01 07:53:49.883003+00	2025-07-01 07:53:49.883007+00
13	sc374kdvdye6z0qoym9mxzfml1olo9xa	2025-07-01 08:14:18.33384+00	2025-07-01 08:14:18.333849+00
14	h6on19f1nbeuk0ztkc53tkpp12342ssy	2025-07-01 08:14:30.605687+00	2025-07-01 08:14:30.605691+00
15	nqaies63gw4y17ssnw2h5ztq0y60wfb5	2025-07-01 14:26:01.444942+00	2025-07-01 14:26:01.444969+00
16	yw6azpejpgb6j5u03ub2086rkzye30f9	2025-07-01 16:09:29.684916+00	2025-07-01 16:09:29.684925+00
17	owevqx3tgw0xywaorqpmkigyse0fmqr6	2025-07-01 17:19:08.638357+00	2025-07-01 17:19:08.638367+00
18	k7fcbpgm0sgcq3ejs7iol5j5t0brwti8	2025-07-01 17:23:20.22763+00	2025-07-01 17:23:20.227639+00
19	kw4ukmk6cfcnw6lf132l0jmysmcv9i0y	2025-07-02 08:20:27.416379+00	2025-07-02 08:20:27.416387+00
20	6qj2ui4t9z3d0lcyaw7bi17cejeshzpx	2025-07-02 08:29:54.28449+00	2025-07-02 08:29:54.284494+00
21	s0uej0xr4xozf2hwij7sxar0d6dkmlva	2025-07-02 10:42:49.132592+00	2025-07-02 10:42:49.1326+00
22	545dno8wajhgd1gdukkcfud1na9xjejg	2025-07-02 10:44:11.20045+00	2025-07-02 10:44:11.200454+00
23	jlnc1yougxjwk6pdofxtdjtri4es7kru	2025-07-02 10:46:10.523959+00	2025-07-02 10:46:10.523967+00
24	rer72r5nlpb0bmk542c18ce9qm9eeplu	2025-07-02 10:46:48.467835+00	2025-07-02 10:46:48.467839+00
\.


--
-- Data for Name: booking_cart_item; Type: TABLE DATA; Schema: public; Owner: jersey_user
--

COPY public.booking_cart_item (id, quantity, added_at, cart_id, event_id, ticket_type_id) FROM stdin;
\.


--
-- Data for Name: booking_guest_checkout; Type: TABLE DATA; Schema: public; Owner: jersey_user
--

COPY public.booking_guest_checkout (id, email, created_account, created_at, order_id) FROM stdin;
\.


--
-- Data for Name: booking_order; Type: TABLE DATA; Schema: public; Owner: jersey_user
--

COPY public.booking_order (id, order_number, email, qr_code, first_name, last_name, phone, total_amount, status, paypal_order_id, paypal_capture_id, paypal_payer_id, created_at, updated_at, paid_at, notes, ip_address, user_id) FROM stdin;
\.


--
-- Data for Name: booking_order_item; Type: TABLE DATA; Schema: public; Owner: jersey_user
--

COPY public.booking_order_item (id, quantity, price, event_id, order_id, ticket_type_id) FROM stdin;
\.


--
-- Data for Name: booking_ticket; Type: TABLE DATA; Schema: public; Owner: jersey_user
--

COPY public.booking_ticket (id, ticket_number, qr_code, is_used, used_at, order_item_id) FROM stdin;
\.


--
-- Data for Name: django_admin_log; Type: TABLE DATA; Schema: public; Owner: jersey_user
--

COPY public.django_admin_log (id, action_time, object_id, object_repr, action_flag, change_message, content_type_id, user_id) FROM stdin;
1	2025-06-30 16:35:25.193843+00	1	Music & Concerts	1	[{"added": {}}]	8	1
2	2025-06-30 16:37:36.945947+00	2	Food & Drink	1	[{"added": {}}]	8	1
3	2025-06-30 16:40:31.280063+00	3	Food	1	[{"added": {}}]	8	1
4	2025-06-30 16:41:34.706261+00	4	Drinks	1	[{"added": {}}]	8	1
5	2025-06-30 16:42:58.572145+00	2	Arts & Culture	2	[{"changed": {"fields": ["Name", "Slug", "Icon"]}}]	8	1
6	2025-06-30 16:44:33.361386+00	5	Family & Kids	1	[{"added": {}}]	8	1
7	2025-06-30 16:45:25.510223+00	2	 ()	1	[{"added": {}}]	6	1
8	2025-06-30 16:49:50.403922+00	2	Jose Galan (pepe@home.com)	2	[{"changed": {"fields": ["First name", "Last name", "Email address", "Email verified"]}}]	6	1
9	2025-06-30 16:50:07.411656+00	1	 (jose@home.com)	2	[{"changed": {"fields": ["Email verified"]}}]	6	1
10	2025-06-30 16:52:50.856582+00	1	Jose ltd. (jose@home.com)	1	[{"added": {}}]	7	1
11	2025-06-30 16:59:15.524857+00	1	Music in the Park	1	[{"added": {}}]	10	1
12	2025-06-30 17:00:52.0413+00	1	Music in the Park	2	[{"changed": {"fields": ["Status"]}}]	10	1
\.


--
-- Data for Name: django_content_type; Type: TABLE DATA; Schema: public; Owner: jersey_user
--

COPY public.django_content_type (id, app_label, model) FROM stdin;
1	admin	logentry
2	auth	permission
3	auth	group
4	contenttypes	contenttype
5	sessions	session
6	authentication	user
7	authentication	organizer
8	event_management	category
9	event_management	platformplan
10	event_management	event
11	event_management	eventimage
12	event_management	eventplanpayment
13	event_management	tickettype
14	booking	cart
15	booking	booking
16	booking	bookingticket
17	booking	order
18	booking	guestcheckout
19	booking	orderitem
20	booking	ticket
21	booking	cartitem
22	payments	order
23	payments	orderitem
\.


--
-- Data for Name: django_migrations; Type: TABLE DATA; Schema: public; Owner: jersey_user
--

COPY public.django_migrations (id, app, name, applied) FROM stdin;
1	contenttypes	0001_initial	2025-06-30 16:30:21.332027+00
2	contenttypes	0002_remove_content_type_name	2025-06-30 16:30:21.33414+00
3	auth	0001_initial	2025-06-30 16:30:21.347973+00
4	auth	0002_alter_permission_name_max_length	2025-06-30 16:30:21.349343+00
5	auth	0003_alter_user_email_max_length	2025-06-30 16:30:21.350862+00
6	auth	0004_alter_user_username_opts	2025-06-30 16:30:21.352507+00
7	auth	0005_alter_user_last_login_null	2025-06-30 16:30:21.353993+00
8	auth	0006_require_contenttypes_0002	2025-06-30 16:30:21.354401+00
9	auth	0007_alter_validators_add_error_messages	2025-06-30 16:30:21.356026+00
10	auth	0008_alter_user_username_max_length	2025-06-30 16:30:21.357552+00
11	auth	0009_alter_user_last_name_max_length	2025-06-30 16:30:21.359528+00
12	auth	0010_alter_group_name_max_length	2025-06-30 16:30:21.361356+00
13	auth	0011_update_proxy_permissions	2025-06-30 16:30:21.362823+00
14	auth	0012_alter_user_first_name_max_length	2025-06-30 16:30:21.364217+00
15	authentication	0001_initial	2025-06-30 16:30:21.384963+00
16	admin	0001_initial	2025-06-30 16:30:21.392518+00
17	admin	0002_logentry_remove_auto_add	2025-06-30 16:30:21.395264+00
18	admin	0003_logentry_add_action_flag_choices	2025-06-30 16:30:21.398618+00
19	event_management	0001_initial	2025-06-30 16:30:21.444901+00
20	booking	0001_initial	2025-06-30 16:30:21.526379+00
21	event_management	0002_event_admin_notes_event_listing_fee_and_more	2025-06-30 16:30:21.570615+00
22	event_management	0003_remove_platform_plan_fields	2025-06-30 16:30:21.570982+00
23	payments	0001_initial	2025-06-30 16:30:21.593067+00
24	sessions	0001_initial	2025-06-30 16:30:21.599206+00
25	payments	0002_update_payment_models	2025-07-02 12:57:42.789459+00
26	event_management	0004_booking	2025-07-02 12:57:42.808509+00
\.


--
-- Data for Name: django_session; Type: TABLE DATA; Schema: public; Owner: jersey_user
--

COPY public.django_session (session_key, session_data, expire_date) FROM stdin;
k7fcbpgm0sgcq3ejs7iol5j5t0brwti8	e30:1uWhAQ:2n0R5efZiWYHJoaa-7NNTUOH0C2hASouw2uvoEUULzM	2025-07-08 20:01:22.159974+00
nqaies63gw4y17ssnw2h5ztq0y60wfb5	e30:1uWc0s:5kOWino9q7AdOjHOMql-qQQdlAhGKeBIdPg4CJvo51o	2025-07-08 14:31:10.97137+00
rer72r5nlpb0bmk542c18ce9qm9eeplu	.eJxVjEEOwiAQRe_C2hDa0KG4dO_KA5BhGGy1QtJSN8a7S5Mu6vb9999HOFzL4NaFZzcGcRaNOB2ZR3py2obwwHTPknIq8-jlpsh9XeQ1B54uu_sXGHAZ6pva4IlaY5qouO8asgBUUQsYo4XABgDBq74nAEuskYGU1p2uorGmRvnNqThwkbkGjZJKHWgZea749sJpEt8fFgNF_w:1uWv3L:0xGNjg5X8VrrE2oborNQJu4oUqJhqO5dxs2zling9uw	2025-07-09 10:50:59.289344+00
yw6azpejpgb6j5u03ub2086rkzye30f9	e30:1uWeQl:iZdExe9Oa0CYraPrRUgfcT7KIwxbKudrcSkXNbyUTZo	2025-07-08 17:06:03.921763+00
owevqx3tgw0xywaorqpmkigyse0fmqr6	e30:1uWegk:9C_ZcsXvMrGianfpknrN7Zd98mAS4tLHBOI7bYKQtYk	2025-07-08 17:22:34.433303+00
\.


--
-- Data for Name: event_management_category; Type: TABLE DATA; Schema: public; Owner: jersey_user
--

COPY public.event_management_category (id, name, slug, icon, color) FROM stdin;
1	Music & Concerts	music-concerts	fa-music	#3B82F6
3	Food	food	fa-regular fa-utensils	#3B82F6
4	Drinks	drinks	fa-solid fa-martini-glass-citrus	#3B82F6
2	Arts & Culture	arts-culture	fa-solid fa-masks-theater	#3B82F6
5	Family & Kids	family-kids	fa-solid fa-people-roof	#3B82F6
\.


--
-- Data for Name: event_management_event; Type: TABLE DATA; Schema: public; Owner: jersey_user
--

COPY public.event_management_event (id, title, slug, description, venue, address, date, end_date, image, price, capacity, tickets_sold, is_featured, is_premium, is_active, pet_friendly, family_friendly, has_offers, plan_paid, paypal_order_id, paid_at, is_approved, approved_at, created_at, updated_at, search_vector, approved_by_id, category_id, organizer_id, platform_plan_id, admin_notes, listing_fee, listing_paid, listing_paid_at, listing_tier, reviewed_at, reviewed_by_id, status) FROM stdin;
1	Music in the Park	music-in-the-park	Brass Jersey Orchestra	Howard Davies PArk	16 Beach Crescent	2025-06-30 16:53:33+00	2025-07-10 16:53:39+00		9.99	100	0	t	f	t	t	t	f	f		\N	t	2025-06-30 16:57:49+00	2025-06-30 16:59:15.52148+00	2025-06-30 17:00:52.039064+00	'16':11 'beach':12 'brass':5B 'crescent':13 'davi':9C 'howard':8C 'jersey':6B 'music':1A 'orchestra':7B 'park':4A,10C	1	1	1	\N		0.00	f	\N		\N	1	approved
2	Fight in the park	fight-in-the-park	Robot sumo war	Howard Davies Park	Victoria Ave.	2025-07-09 07:44:00+00	2025-07-10 07:44:00+00	events/homepage_9kTbMxq.png	20.00	100	0	f	f	t	t	t	f	f		\N	f	\N	2025-07-01 07:45:03.103032+00	2025-07-01 07:56:02.788239+00	'ave':12 'davi':9C 'fight':1A 'howard':8C 'park':4A,10C 'robot':5B 'sumo':6B 'victoria':11 'war':7B	\N	5	1	\N		70.00	f	\N	Small	\N	\N	pending_payment
3	Swimming Marathon	swimming-marathon	Les Quennevais Centre	Splanade	16 Beach Crescent	2025-07-01 08:01:00+00	2025-07-05 08:01:00+00	events/1000007977.jpg	10.00	100	0	f	f	t	f	t	f	f		\N	f	\N	2025-07-01 08:02:44.190394+00	2025-07-01 08:02:44.190421+00	'16':7 'beach':8 'centr':5B 'crescent':9 'les':3B 'marathon':2A 'quennevai':4B 'splanad':6C 'swim':1A	\N	2	1	\N		35.00	f	\N	Small	\N	\N	pending_payment
4	Rumbel in the Jungle	rumbel-in-the-jungle	Boxing	Victoria Park	16 Beach Crescent	2025-07-01 08:18:00+00	2025-07-03 08:18:00+00	events/ChatGPT_Image_Jun_9_2025_12_04_02_PM.png	10.00	100	0	f	f	t	t	t	f	f		\N	f	\N	2025-07-01 08:19:50.631262+00	2025-07-01 08:19:50.631269+00	'16':8 'beach':9 'box':5B 'crescent':10 'jungl':4A 'park':7C 'rumbel':1A 'victoria':6C	\N	4	1	\N		35.00	f	\N	Small	\N	\N	pending_payment
5	Dance in the Park	dance-in-the-park	Having fun outdoors	Howard Davies PArk	16 Beach Crescent	2025-07-02 08:30:00+00	2025-07-04 08:30:00+00	events/1000007974.jpg	10.00	100	0	f	f	t	f	t	f	f		\N	f	\N	2025-07-02 08:31:09.644384+00	2025-07-02 08:31:09.644389+00	'16':11 'beach':12 'crescent':13 'danc':1A 'davi':9C 'fun':6B 'howard':8C 'outdoor':7B 'park':4A,10C	\N	1	1	\N		35.00	f	\N	Small	\N	\N	pending_payment
6	Dancing in the park	dancing-in-the-park	Victori park brass orchestra	Howard Davies PArk	16 Beach Crescent	2025-07-02 10:00:00+00	2025-07-04 10:48:00+00	events/1000007979.jpg	20.00	100	0	f	f	t	t	t	f	f		\N	f	\N	2025-07-02 10:48:26.933955+00	2025-07-02 10:48:26.933962+00	'16':12 'beach':13 'brass':7B 'crescent':14 'danc':1A 'davi':10C 'howard':9C 'orchestra':8B 'park':4A,6B,11C 'victori':5B	\N	1	1	\N		70.00	f	\N	Small	\N	\N	pending_payment
\.


--
-- Data for Name: event_management_eventimage; Type: TABLE DATA; Schema: public; Owner: jersey_user
--

COPY public.event_management_eventimage (id, image, caption, "order", event_id) FROM stdin;
\.


--
-- Data for Name: event_management_eventplanpayment; Type: TABLE DATA; Schema: public; Owner: jersey_user
--

COPY public.event_management_eventplanpayment (id, amount_paid, paypal_order_id, paid_at, event_id, plan_id) FROM stdin;
\.


--
-- Data for Name: event_management_platformplan; Type: TABLE DATA; Schema: public; Owner: jersey_user
--

COPY public.event_management_platformplan (id, name, slug, max_tickets, price_per_event, price_per_month, price_per_year, features, is_active, display_order) FROM stdin;
\.


--
-- Data for Name: event_management_tickettype; Type: TABLE DATA; Schema: public; Owner: jersey_user
--

COPY public.event_management_tickettype (id, name, description, price, quantity_available, quantity_sold, sale_starts, sale_ends, display_order, is_active, event_id) FROM stdin;
\.


--
-- Data for Name: organizers; Type: TABLE DATA; Schema: public; Owner: jersey_user
--

COPY public.organizers (id, company_name, company_registration, vat_number, business_email, business_phone, website, address_line_1, address_line_2, city, parish, postal_code, paypal_email, payment_ready, payment_setup_date, is_verified, verification_documents, verified_at, commission_rate, logo, description, facebook, instagram, twitter, created_at, updated_at, user_id, verified_by_id) FROM stdin;
1	Jose ltd.									St Helier			f	\N	t		2025-06-30 16:52:50.854519+00	10.00						2025-06-30 16:52:50.854965+00	2025-06-30 16:52:50.854972+00	1	\N
\.


--
-- Data for Name: users; Type: TABLE DATA; Schema: public; Owner: jersey_user
--

COPY public.users (id, password, last_login, is_superuser, username, first_name, last_name, email, is_staff, is_active, date_joined, phone_number, date_of_birth, newsletter_subscription, sms_notifications, profile_picture, email_verified, email_verification_token, created_at, updated_at) FROM stdin;
2	pbkdf2_sha256$720000$zD0wx4RcKzWnT4VXT8gylj$AS8XdTXjffKz7L3Cke/or5h46k+DwsF+ryLnzBG58zY=	2025-07-02 10:44:11.189376+00	f	user1	Jose	Galan	pepe@home.com	f	t	2025-06-30 16:45:25+00		\N	t	f		t	3b6969ef-e900-440d-b24f-f4d39324d30c	2025-06-30 16:45:25.509001+00	2025-06-30 16:49:50.400569+00
1	pbkdf2_sha256$720000$uIjp0xUoVP42DGkIpkT5xJ$YNhVwo1WV0/qFEzlaPjKDZiXJJ+dAsNZKfLxXpFGXzU=	2025-07-02 10:46:48.453125+00	t	jose			jose@home.com	t	t	2025-06-30 16:32:09+00		\N	t	f		t	cac6439a-cf1e-46a1-b966-bc3d3488bbeb	2025-06-30 16:32:09.428182+00	2025-06-30 16:50:07.407415+00
\.


--
-- Data for Name: users_groups; Type: TABLE DATA; Schema: public; Owner: jersey_user
--

COPY public.users_groups (id, user_id, group_id) FROM stdin;
\.


--
-- Data for Name: users_user_permissions; Type: TABLE DATA; Schema: public; Owner: jersey_user
--

COPY public.users_user_permissions (id, user_id, permission_id) FROM stdin;
\.


--
-- Name: auth_group_id_seq; Type: SEQUENCE SET; Schema: public; Owner: jersey_user
--

SELECT pg_catalog.setval('public.auth_group_id_seq', 1, false);


--
-- Name: auth_group_permissions_id_seq; Type: SEQUENCE SET; Schema: public; Owner: jersey_user
--

SELECT pg_catalog.setval('public.auth_group_permissions_id_seq', 1, false);


--
-- Name: auth_permission_id_seq; Type: SEQUENCE SET; Schema: public; Owner: jersey_user
--

SELECT pg_catalog.setval('public.auth_permission_id_seq', 93, true);


--
-- Name: booking_booking_id_seq; Type: SEQUENCE SET; Schema: public; Owner: jersey_user
--

SELECT pg_catalog.setval('public.booking_booking_id_seq', 1, false);


--
-- Name: booking_bookingticket_id_seq; Type: SEQUENCE SET; Schema: public; Owner: jersey_user
--

SELECT pg_catalog.setval('public.booking_bookingticket_id_seq', 1, false);


--
-- Name: booking_cart_id_seq; Type: SEQUENCE SET; Schema: public; Owner: jersey_user
--

SELECT pg_catalog.setval('public.booking_cart_id_seq', 24, true);


--
-- Name: booking_cart_item_id_seq; Type: SEQUENCE SET; Schema: public; Owner: jersey_user
--

SELECT pg_catalog.setval('public.booking_cart_item_id_seq', 1, false);


--
-- Name: booking_guest_checkout_id_seq; Type: SEQUENCE SET; Schema: public; Owner: jersey_user
--

SELECT pg_catalog.setval('public.booking_guest_checkout_id_seq', 1, false);


--
-- Name: booking_order_id_seq; Type: SEQUENCE SET; Schema: public; Owner: jersey_user
--

SELECT pg_catalog.setval('public.booking_order_id_seq', 1, false);


--
-- Name: booking_order_item_id_seq; Type: SEQUENCE SET; Schema: public; Owner: jersey_user
--

SELECT pg_catalog.setval('public.booking_order_item_id_seq', 1, false);


--
-- Name: booking_ticket_id_seq; Type: SEQUENCE SET; Schema: public; Owner: jersey_user
--

SELECT pg_catalog.setval('public.booking_ticket_id_seq', 1, false);


--
-- Name: django_admin_log_id_seq; Type: SEQUENCE SET; Schema: public; Owner: jersey_user
--

SELECT pg_catalog.setval('public.django_admin_log_id_seq', 12, true);


--
-- Name: django_content_type_id_seq; Type: SEQUENCE SET; Schema: public; Owner: jersey_user
--

SELECT pg_catalog.setval('public.django_content_type_id_seq', 23, true);


--
-- Name: django_migrations_id_seq; Type: SEQUENCE SET; Schema: public; Owner: jersey_user
--

SELECT pg_catalog.setval('public.django_migrations_id_seq', 26, true);


--
-- Name: event_management_category_id_seq; Type: SEQUENCE SET; Schema: public; Owner: jersey_user
--

SELECT pg_catalog.setval('public.event_management_category_id_seq', 5, true);


--
-- Name: event_management_event_id_seq; Type: SEQUENCE SET; Schema: public; Owner: jersey_user
--

SELECT pg_catalog.setval('public.event_management_event_id_seq', 6, true);


--
-- Name: event_management_eventimage_id_seq; Type: SEQUENCE SET; Schema: public; Owner: jersey_user
--

SELECT pg_catalog.setval('public.event_management_eventimage_id_seq', 1, false);


--
-- Name: event_management_eventplanpayment_id_seq; Type: SEQUENCE SET; Schema: public; Owner: jersey_user
--

SELECT pg_catalog.setval('public.event_management_eventplanpayment_id_seq', 1, false);


--
-- Name: event_management_platformplan_id_seq; Type: SEQUENCE SET; Schema: public; Owner: jersey_user
--

SELECT pg_catalog.setval('public.event_management_platformplan_id_seq', 1, false);


--
-- Name: event_management_tickettype_id_seq; Type: SEQUENCE SET; Schema: public; Owner: jersey_user
--

SELECT pg_catalog.setval('public.event_management_tickettype_id_seq', 1, false);


--
-- Name: organizers_id_seq; Type: SEQUENCE SET; Schema: public; Owner: jersey_user
--

SELECT pg_catalog.setval('public.organizers_id_seq', 1, true);


--
-- Name: users_groups_id_seq; Type: SEQUENCE SET; Schema: public; Owner: jersey_user
--

SELECT pg_catalog.setval('public.users_groups_id_seq', 1, false);


--
-- Name: users_id_seq; Type: SEQUENCE SET; Schema: public; Owner: jersey_user
--

SELECT pg_catalog.setval('public.users_id_seq', 2, true);


--
-- Name: users_user_permissions_id_seq; Type: SEQUENCE SET; Schema: public; Owner: jersey_user
--

SELECT pg_catalog.setval('public.users_user_permissions_id_seq', 1, false);


--
-- Name: auth_group auth_group_name_key; Type: CONSTRAINT; Schema: public; Owner: jersey_user
--

ALTER TABLE ONLY public.auth_group
    ADD CONSTRAINT auth_group_name_key UNIQUE (name);


--
-- Name: auth_group_permissions auth_group_permissions_group_id_permission_id_0cd325b0_uniq; Type: CONSTRAINT; Schema: public; Owner: jersey_user
--

ALTER TABLE ONLY public.auth_group_permissions
    ADD CONSTRAINT auth_group_permissions_group_id_permission_id_0cd325b0_uniq UNIQUE (group_id, permission_id);


--
-- Name: auth_group_permissions auth_group_permissions_pkey; Type: CONSTRAINT; Schema: public; Owner: jersey_user
--

ALTER TABLE ONLY public.auth_group_permissions
    ADD CONSTRAINT auth_group_permissions_pkey PRIMARY KEY (id);


--
-- Name: auth_group auth_group_pkey; Type: CONSTRAINT; Schema: public; Owner: jersey_user
--

ALTER TABLE ONLY public.auth_group
    ADD CONSTRAINT auth_group_pkey PRIMARY KEY (id);


--
-- Name: auth_permission auth_permission_content_type_id_codename_01ab375a_uniq; Type: CONSTRAINT; Schema: public; Owner: jersey_user
--

ALTER TABLE ONLY public.auth_permission
    ADD CONSTRAINT auth_permission_content_type_id_codename_01ab375a_uniq UNIQUE (content_type_id, codename);


--
-- Name: auth_permission auth_permission_pkey; Type: CONSTRAINT; Schema: public; Owner: jersey_user
--

ALTER TABLE ONLY public.auth_permission
    ADD CONSTRAINT auth_permission_pkey PRIMARY KEY (id);


--
-- Name: booking_booking booking_booking_pkey; Type: CONSTRAINT; Schema: public; Owner: jersey_user
--

ALTER TABLE ONLY public.booking_booking
    ADD CONSTRAINT booking_booking_pkey PRIMARY KEY (id);


--
-- Name: booking_bookingticket booking_bookingticket_pkey; Type: CONSTRAINT; Schema: public; Owner: jersey_user
--

ALTER TABLE ONLY public.booking_bookingticket
    ADD CONSTRAINT booking_bookingticket_pkey PRIMARY KEY (id);


--
-- Name: booking_cart_item booking_cart_item_cart_id_ticket_type_id_eec2a762_uniq; Type: CONSTRAINT; Schema: public; Owner: jersey_user
--

ALTER TABLE ONLY public.booking_cart_item
    ADD CONSTRAINT booking_cart_item_cart_id_ticket_type_id_eec2a762_uniq UNIQUE (cart_id, ticket_type_id);


--
-- Name: booking_cart_item booking_cart_item_pkey; Type: CONSTRAINT; Schema: public; Owner: jersey_user
--

ALTER TABLE ONLY public.booking_cart_item
    ADD CONSTRAINT booking_cart_item_pkey PRIMARY KEY (id);


--
-- Name: booking_cart booking_cart_pkey; Type: CONSTRAINT; Schema: public; Owner: jersey_user
--

ALTER TABLE ONLY public.booking_cart
    ADD CONSTRAINT booking_cart_pkey PRIMARY KEY (id);


--
-- Name: booking_cart booking_cart_session_key_key; Type: CONSTRAINT; Schema: public; Owner: jersey_user
--

ALTER TABLE ONLY public.booking_cart
    ADD CONSTRAINT booking_cart_session_key_key UNIQUE (session_key);


--
-- Name: booking_guest_checkout booking_guest_checkout_pkey; Type: CONSTRAINT; Schema: public; Owner: jersey_user
--

ALTER TABLE ONLY public.booking_guest_checkout
    ADD CONSTRAINT booking_guest_checkout_pkey PRIMARY KEY (id);


--
-- Name: booking_order_item booking_order_item_order_id_ticket_type_id_e3390058_uniq; Type: CONSTRAINT; Schema: public; Owner: jersey_user
--

ALTER TABLE ONLY public.booking_order_item
    ADD CONSTRAINT booking_order_item_order_id_ticket_type_id_e3390058_uniq UNIQUE (order_id, ticket_type_id);


--
-- Name: booking_order_item booking_order_item_pkey; Type: CONSTRAINT; Schema: public; Owner: jersey_user
--

ALTER TABLE ONLY public.booking_order_item
    ADD CONSTRAINT booking_order_item_pkey PRIMARY KEY (id);


--
-- Name: booking_order booking_order_order_number_key; Type: CONSTRAINT; Schema: public; Owner: jersey_user
--

ALTER TABLE ONLY public.booking_order
    ADD CONSTRAINT booking_order_order_number_key UNIQUE (order_number);


--
-- Name: booking_order booking_order_pkey; Type: CONSTRAINT; Schema: public; Owner: jersey_user
--

ALTER TABLE ONLY public.booking_order
    ADD CONSTRAINT booking_order_pkey PRIMARY KEY (id);


--
-- Name: booking_ticket booking_ticket_pkey; Type: CONSTRAINT; Schema: public; Owner: jersey_user
--

ALTER TABLE ONLY public.booking_ticket
    ADD CONSTRAINT booking_ticket_pkey PRIMARY KEY (id);


--
-- Name: booking_ticket booking_ticket_ticket_number_key; Type: CONSTRAINT; Schema: public; Owner: jersey_user
--

ALTER TABLE ONLY public.booking_ticket
    ADD CONSTRAINT booking_ticket_ticket_number_key UNIQUE (ticket_number);


--
-- Name: django_admin_log django_admin_log_pkey; Type: CONSTRAINT; Schema: public; Owner: jersey_user
--

ALTER TABLE ONLY public.django_admin_log
    ADD CONSTRAINT django_admin_log_pkey PRIMARY KEY (id);


--
-- Name: django_content_type django_content_type_app_label_model_76bd3d3b_uniq; Type: CONSTRAINT; Schema: public; Owner: jersey_user
--

ALTER TABLE ONLY public.django_content_type
    ADD CONSTRAINT django_content_type_app_label_model_76bd3d3b_uniq UNIQUE (app_label, model);


--
-- Name: django_content_type django_content_type_pkey; Type: CONSTRAINT; Schema: public; Owner: jersey_user
--

ALTER TABLE ONLY public.django_content_type
    ADD CONSTRAINT django_content_type_pkey PRIMARY KEY (id);


--
-- Name: django_migrations django_migrations_pkey; Type: CONSTRAINT; Schema: public; Owner: jersey_user
--

ALTER TABLE ONLY public.django_migrations
    ADD CONSTRAINT django_migrations_pkey PRIMARY KEY (id);


--
-- Name: django_session django_session_pkey; Type: CONSTRAINT; Schema: public; Owner: jersey_user
--

ALTER TABLE ONLY public.django_session
    ADD CONSTRAINT django_session_pkey PRIMARY KEY (session_key);


--
-- Name: event_management_category event_management_category_pkey; Type: CONSTRAINT; Schema: public; Owner: jersey_user
--

ALTER TABLE ONLY public.event_management_category
    ADD CONSTRAINT event_management_category_pkey PRIMARY KEY (id);


--
-- Name: event_management_category event_management_category_slug_key; Type: CONSTRAINT; Schema: public; Owner: jersey_user
--

ALTER TABLE ONLY public.event_management_category
    ADD CONSTRAINT event_management_category_slug_key UNIQUE (slug);


--
-- Name: event_management_event event_management_event_pkey; Type: CONSTRAINT; Schema: public; Owner: jersey_user
--

ALTER TABLE ONLY public.event_management_event
    ADD CONSTRAINT event_management_event_pkey PRIMARY KEY (id);


--
-- Name: event_management_event event_management_event_slug_key; Type: CONSTRAINT; Schema: public; Owner: jersey_user
--

ALTER TABLE ONLY public.event_management_event
    ADD CONSTRAINT event_management_event_slug_key UNIQUE (slug);


--
-- Name: event_management_eventimage event_management_eventimage_pkey; Type: CONSTRAINT; Schema: public; Owner: jersey_user
--

ALTER TABLE ONLY public.event_management_eventimage
    ADD CONSTRAINT event_management_eventimage_pkey PRIMARY KEY (id);


--
-- Name: event_management_eventplanpayment event_management_eventplanpayment_event_id_key; Type: CONSTRAINT; Schema: public; Owner: jersey_user
--

ALTER TABLE ONLY public.event_management_eventplanpayment
    ADD CONSTRAINT event_management_eventplanpayment_event_id_key UNIQUE (event_id);


--
-- Name: event_management_eventplanpayment event_management_eventplanpayment_pkey; Type: CONSTRAINT; Schema: public; Owner: jersey_user
--

ALTER TABLE ONLY public.event_management_eventplanpayment
    ADD CONSTRAINT event_management_eventplanpayment_pkey PRIMARY KEY (id);


--
-- Name: event_management_platformplan event_management_platformplan_pkey; Type: CONSTRAINT; Schema: public; Owner: jersey_user
--

ALTER TABLE ONLY public.event_management_platformplan
    ADD CONSTRAINT event_management_platformplan_pkey PRIMARY KEY (id);


--
-- Name: event_management_platformplan event_management_platformplan_slug_key; Type: CONSTRAINT; Schema: public; Owner: jersey_user
--

ALTER TABLE ONLY public.event_management_platformplan
    ADD CONSTRAINT event_management_platformplan_slug_key UNIQUE (slug);


--
-- Name: event_management_tickettype event_management_tickettype_pkey; Type: CONSTRAINT; Schema: public; Owner: jersey_user
--

ALTER TABLE ONLY public.event_management_tickettype
    ADD CONSTRAINT event_management_tickettype_pkey PRIMARY KEY (id);


--
-- Name: organizers organizers_pkey; Type: CONSTRAINT; Schema: public; Owner: jersey_user
--

ALTER TABLE ONLY public.organizers
    ADD CONSTRAINT organizers_pkey PRIMARY KEY (id);


--
-- Name: organizers organizers_user_id_key; Type: CONSTRAINT; Schema: public; Owner: jersey_user
--

ALTER TABLE ONLY public.organizers
    ADD CONSTRAINT organizers_user_id_key UNIQUE (user_id);


--
-- Name: users_groups users_groups_pkey; Type: CONSTRAINT; Schema: public; Owner: jersey_user
--

ALTER TABLE ONLY public.users_groups
    ADD CONSTRAINT users_groups_pkey PRIMARY KEY (id);


--
-- Name: users_groups users_groups_user_id_group_id_fc7788e8_uniq; Type: CONSTRAINT; Schema: public; Owner: jersey_user
--

ALTER TABLE ONLY public.users_groups
    ADD CONSTRAINT users_groups_user_id_group_id_fc7788e8_uniq UNIQUE (user_id, group_id);


--
-- Name: users users_pkey; Type: CONSTRAINT; Schema: public; Owner: jersey_user
--

ALTER TABLE ONLY public.users
    ADD CONSTRAINT users_pkey PRIMARY KEY (id);


--
-- Name: users_user_permissions users_user_permissions_pkey; Type: CONSTRAINT; Schema: public; Owner: jersey_user
--

ALTER TABLE ONLY public.users_user_permissions
    ADD CONSTRAINT users_user_permissions_pkey PRIMARY KEY (id);


--
-- Name: users_user_permissions users_user_permissions_user_id_permission_id_3b86cbdf_uniq; Type: CONSTRAINT; Schema: public; Owner: jersey_user
--

ALTER TABLE ONLY public.users_user_permissions
    ADD CONSTRAINT users_user_permissions_user_id_permission_id_3b86cbdf_uniq UNIQUE (user_id, permission_id);


--
-- Name: users users_username_key; Type: CONSTRAINT; Schema: public; Owner: jersey_user
--

ALTER TABLE ONLY public.users
    ADD CONSTRAINT users_username_key UNIQUE (username);


--
-- Name: auth_group_name_a6ea08ec_like; Type: INDEX; Schema: public; Owner: jersey_user
--

CREATE INDEX auth_group_name_a6ea08ec_like ON public.auth_group USING btree (name varchar_pattern_ops);


--
-- Name: auth_group_permissions_group_id_b120cbf9; Type: INDEX; Schema: public; Owner: jersey_user
--

CREATE INDEX auth_group_permissions_group_id_b120cbf9 ON public.auth_group_permissions USING btree (group_id);


--
-- Name: auth_group_permissions_permission_id_84c5c92e; Type: INDEX; Schema: public; Owner: jersey_user
--

CREATE INDEX auth_group_permissions_permission_id_84c5c92e ON public.auth_group_permissions USING btree (permission_id);


--
-- Name: auth_permission_content_type_id_2f476e4b; Type: INDEX; Schema: public; Owner: jersey_user
--

CREATE INDEX auth_permission_content_type_id_2f476e4b ON public.auth_permission USING btree (content_type_id);


--
-- Name: booking_booking_event_id_636fb4e8; Type: INDEX; Schema: public; Owner: jersey_user
--

CREATE INDEX booking_booking_event_id_636fb4e8 ON public.booking_booking USING btree (event_id);


--
-- Name: booking_booking_user_id_e1eb6912; Type: INDEX; Schema: public; Owner: jersey_user
--

CREATE INDEX booking_booking_user_id_e1eb6912 ON public.booking_booking USING btree (user_id);


--
-- Name: booking_bookingticket_booking_id_9b30d08a; Type: INDEX; Schema: public; Owner: jersey_user
--

CREATE INDEX booking_bookingticket_booking_id_9b30d08a ON public.booking_bookingticket USING btree (booking_id);


--
-- Name: booking_bookingticket_ticket_type_id_6092c372; Type: INDEX; Schema: public; Owner: jersey_user
--

CREATE INDEX booking_bookingticket_ticket_type_id_6092c372 ON public.booking_bookingticket USING btree (ticket_type_id);


--
-- Name: booking_cart_item_cart_id_87988da7; Type: INDEX; Schema: public; Owner: jersey_user
--

CREATE INDEX booking_cart_item_cart_id_87988da7 ON public.booking_cart_item USING btree (cart_id);


--
-- Name: booking_cart_item_event_id_0f4a1aba; Type: INDEX; Schema: public; Owner: jersey_user
--

CREATE INDEX booking_cart_item_event_id_0f4a1aba ON public.booking_cart_item USING btree (event_id);


--
-- Name: booking_cart_item_ticket_type_id_c28fe006; Type: INDEX; Schema: public; Owner: jersey_user
--

CREATE INDEX booking_cart_item_ticket_type_id_c28fe006 ON public.booking_cart_item USING btree (ticket_type_id);


--
-- Name: booking_cart_session_key_38588b9f_like; Type: INDEX; Schema: public; Owner: jersey_user
--

CREATE INDEX booking_cart_session_key_38588b9f_like ON public.booking_cart USING btree (session_key varchar_pattern_ops);


--
-- Name: booking_guest_checkout_order_id_b4d3e22a; Type: INDEX; Schema: public; Owner: jersey_user
--

CREATE INDEX booking_guest_checkout_order_id_b4d3e22a ON public.booking_guest_checkout USING btree (order_id);


--
-- Name: booking_order_item_event_id_b47c417b; Type: INDEX; Schema: public; Owner: jersey_user
--

CREATE INDEX booking_order_item_event_id_b47c417b ON public.booking_order_item USING btree (event_id);


--
-- Name: booking_order_item_order_id_8239e935; Type: INDEX; Schema: public; Owner: jersey_user
--

CREATE INDEX booking_order_item_order_id_8239e935 ON public.booking_order_item USING btree (order_id);


--
-- Name: booking_order_item_ticket_type_id_e3e35b30; Type: INDEX; Schema: public; Owner: jersey_user
--

CREATE INDEX booking_order_item_ticket_type_id_e3e35b30 ON public.booking_order_item USING btree (ticket_type_id);


--
-- Name: booking_order_order_number_09b8c28c_like; Type: INDEX; Schema: public; Owner: jersey_user
--

CREATE INDEX booking_order_order_number_09b8c28c_like ON public.booking_order USING btree (order_number varchar_pattern_ops);


--
-- Name: booking_order_user_id_8416d04b; Type: INDEX; Schema: public; Owner: jersey_user
--

CREATE INDEX booking_order_user_id_8416d04b ON public.booking_order USING btree (user_id);


--
-- Name: booking_ticket_order_item_id_d676a1e9; Type: INDEX; Schema: public; Owner: jersey_user
--

CREATE INDEX booking_ticket_order_item_id_d676a1e9 ON public.booking_ticket USING btree (order_item_id);


--
-- Name: booking_ticket_ticket_number_cbb22ad7_like; Type: INDEX; Schema: public; Owner: jersey_user
--

CREATE INDEX booking_ticket_ticket_number_cbb22ad7_like ON public.booking_ticket USING btree (ticket_number varchar_pattern_ops);


--
-- Name: django_admin_log_content_type_id_c4bce8eb; Type: INDEX; Schema: public; Owner: jersey_user
--

CREATE INDEX django_admin_log_content_type_id_c4bce8eb ON public.django_admin_log USING btree (content_type_id);


--
-- Name: django_admin_log_user_id_c564eba6; Type: INDEX; Schema: public; Owner: jersey_user
--

CREATE INDEX django_admin_log_user_id_c564eba6 ON public.django_admin_log USING btree (user_id);


--
-- Name: django_session_expire_date_a5c62663; Type: INDEX; Schema: public; Owner: jersey_user
--

CREATE INDEX django_session_expire_date_a5c62663 ON public.django_session USING btree (expire_date);


--
-- Name: django_session_session_key_c0390e0f_like; Type: INDEX; Schema: public; Owner: jersey_user
--

CREATE INDEX django_session_session_key_c0390e0f_like ON public.django_session USING btree (session_key varchar_pattern_ops);


--
-- Name: event_manag_search__7bb5cc_gin; Type: INDEX; Schema: public; Owner: jersey_user
--

CREATE INDEX event_manag_search__7bb5cc_gin ON public.event_management_event USING gin (search_vector);


--
-- Name: event_management_category_slug_368382ba_like; Type: INDEX; Schema: public; Owner: jersey_user
--

CREATE INDEX event_management_category_slug_368382ba_like ON public.event_management_category USING btree (slug varchar_pattern_ops);


--
-- Name: event_management_event_approved_by_id_41fadf7c; Type: INDEX; Schema: public; Owner: jersey_user
--

CREATE INDEX event_management_event_approved_by_id_41fadf7c ON public.event_management_event USING btree (approved_by_id);


--
-- Name: event_management_event_category_id_09b555a3; Type: INDEX; Schema: public; Owner: jersey_user
--

CREATE INDEX event_management_event_category_id_09b555a3 ON public.event_management_event USING btree (category_id);


--
-- Name: event_management_event_organizer_id_f2543f16; Type: INDEX; Schema: public; Owner: jersey_user
--

CREATE INDEX event_management_event_organizer_id_f2543f16 ON public.event_management_event USING btree (organizer_id);


--
-- Name: event_management_event_platform_plan_id_9c7dce6c; Type: INDEX; Schema: public; Owner: jersey_user
--

CREATE INDEX event_management_event_platform_plan_id_9c7dce6c ON public.event_management_event USING btree (platform_plan_id);


--
-- Name: event_management_event_reviewed_by_id_82430897; Type: INDEX; Schema: public; Owner: jersey_user
--

CREATE INDEX event_management_event_reviewed_by_id_82430897 ON public.event_management_event USING btree (reviewed_by_id);


--
-- Name: event_management_event_slug_59e1a4c3_like; Type: INDEX; Schema: public; Owner: jersey_user
--

CREATE INDEX event_management_event_slug_59e1a4c3_like ON public.event_management_event USING btree (slug varchar_pattern_ops);


--
-- Name: event_management_eventimage_event_id_662abc34; Type: INDEX; Schema: public; Owner: jersey_user
--

CREATE INDEX event_management_eventimage_event_id_662abc34 ON public.event_management_eventimage USING btree (event_id);


--
-- Name: event_management_eventplanpayment_plan_id_6e41e4e2; Type: INDEX; Schema: public; Owner: jersey_user
--

CREATE INDEX event_management_eventplanpayment_plan_id_6e41e4e2 ON public.event_management_eventplanpayment USING btree (plan_id);


--
-- Name: event_management_platformplan_slug_e7427982_like; Type: INDEX; Schema: public; Owner: jersey_user
--

CREATE INDEX event_management_platformplan_slug_e7427982_like ON public.event_management_platformplan USING btree (slug varchar_pattern_ops);


--
-- Name: event_management_tickettype_event_id_1c190b13; Type: INDEX; Schema: public; Owner: jersey_user
--

CREATE INDEX event_management_tickettype_event_id_1c190b13 ON public.event_management_tickettype USING btree (event_id);


--
-- Name: organizers_verified_by_id_a909392d; Type: INDEX; Schema: public; Owner: jersey_user
--

CREATE INDEX organizers_verified_by_id_a909392d ON public.organizers USING btree (verified_by_id);


--
-- Name: users_groups_group_id_2f3517aa; Type: INDEX; Schema: public; Owner: jersey_user
--

CREATE INDEX users_groups_group_id_2f3517aa ON public.users_groups USING btree (group_id);


--
-- Name: users_groups_user_id_f500bee5; Type: INDEX; Schema: public; Owner: jersey_user
--

CREATE INDEX users_groups_user_id_f500bee5 ON public.users_groups USING btree (user_id);


--
-- Name: users_user_permissions_permission_id_6d08dcd2; Type: INDEX; Schema: public; Owner: jersey_user
--

CREATE INDEX users_user_permissions_permission_id_6d08dcd2 ON public.users_user_permissions USING btree (permission_id);


--
-- Name: users_user_permissions_user_id_92473840; Type: INDEX; Schema: public; Owner: jersey_user
--

CREATE INDEX users_user_permissions_user_id_92473840 ON public.users_user_permissions USING btree (user_id);


--
-- Name: users_username_e8658fc8_like; Type: INDEX; Schema: public; Owner: jersey_user
--

CREATE INDEX users_username_e8658fc8_like ON public.users USING btree (username varchar_pattern_ops);


--
-- Name: auth_group_permissions auth_group_permissio_permission_id_84c5c92e_fk_auth_perm; Type: FK CONSTRAINT; Schema: public; Owner: jersey_user
--

ALTER TABLE ONLY public.auth_group_permissions
    ADD CONSTRAINT auth_group_permissio_permission_id_84c5c92e_fk_auth_perm FOREIGN KEY (permission_id) REFERENCES public.auth_permission(id) DEFERRABLE INITIALLY DEFERRED;


--
-- Name: auth_group_permissions auth_group_permissions_group_id_b120cbf9_fk_auth_group_id; Type: FK CONSTRAINT; Schema: public; Owner: jersey_user
--

ALTER TABLE ONLY public.auth_group_permissions
    ADD CONSTRAINT auth_group_permissions_group_id_b120cbf9_fk_auth_group_id FOREIGN KEY (group_id) REFERENCES public.auth_group(id) DEFERRABLE INITIALLY DEFERRED;


--
-- Name: auth_permission auth_permission_content_type_id_2f476e4b_fk_django_co; Type: FK CONSTRAINT; Schema: public; Owner: jersey_user
--

ALTER TABLE ONLY public.auth_permission
    ADD CONSTRAINT auth_permission_content_type_id_2f476e4b_fk_django_co FOREIGN KEY (content_type_id) REFERENCES public.django_content_type(id) DEFERRABLE INITIALLY DEFERRED;


--
-- Name: booking_booking booking_booking_event_id_636fb4e8_fk_event_management_event_id; Type: FK CONSTRAINT; Schema: public; Owner: jersey_user
--

ALTER TABLE ONLY public.booking_booking
    ADD CONSTRAINT booking_booking_event_id_636fb4e8_fk_event_management_event_id FOREIGN KEY (event_id) REFERENCES public.event_management_event(id) DEFERRABLE INITIALLY DEFERRED;


--
-- Name: booking_booking booking_booking_user_id_e1eb6912_fk_users_id; Type: FK CONSTRAINT; Schema: public; Owner: jersey_user
--

ALTER TABLE ONLY public.booking_booking
    ADD CONSTRAINT booking_booking_user_id_e1eb6912_fk_users_id FOREIGN KEY (user_id) REFERENCES public.users(id) DEFERRABLE INITIALLY DEFERRED;


--
-- Name: booking_bookingticket booking_bookingticke_ticket_type_id_6092c372_fk_event_man; Type: FK CONSTRAINT; Schema: public; Owner: jersey_user
--

ALTER TABLE ONLY public.booking_bookingticket
    ADD CONSTRAINT booking_bookingticke_ticket_type_id_6092c372_fk_event_man FOREIGN KEY (ticket_type_id) REFERENCES public.event_management_tickettype(id) DEFERRABLE INITIALLY DEFERRED;


--
-- Name: booking_bookingticket booking_bookingticket_booking_id_9b30d08a_fk_booking_booking_id; Type: FK CONSTRAINT; Schema: public; Owner: jersey_user
--

ALTER TABLE ONLY public.booking_bookingticket
    ADD CONSTRAINT booking_bookingticket_booking_id_9b30d08a_fk_booking_booking_id FOREIGN KEY (booking_id) REFERENCES public.booking_booking(id) DEFERRABLE INITIALLY DEFERRED;


--
-- Name: booking_cart_item booking_cart_item_cart_id_87988da7_fk_booking_cart_id; Type: FK CONSTRAINT; Schema: public; Owner: jersey_user
--

ALTER TABLE ONLY public.booking_cart_item
    ADD CONSTRAINT booking_cart_item_cart_id_87988da7_fk_booking_cart_id FOREIGN KEY (cart_id) REFERENCES public.booking_cart(id) DEFERRABLE INITIALLY DEFERRED;


--
-- Name: booking_cart_item booking_cart_item_event_id_0f4a1aba_fk_event_man; Type: FK CONSTRAINT; Schema: public; Owner: jersey_user
--

ALTER TABLE ONLY public.booking_cart_item
    ADD CONSTRAINT booking_cart_item_event_id_0f4a1aba_fk_event_man FOREIGN KEY (event_id) REFERENCES public.event_management_event(id) DEFERRABLE INITIALLY DEFERRED;


--
-- Name: booking_cart_item booking_cart_item_ticket_type_id_c28fe006_fk_event_man; Type: FK CONSTRAINT; Schema: public; Owner: jersey_user
--

ALTER TABLE ONLY public.booking_cart_item
    ADD CONSTRAINT booking_cart_item_ticket_type_id_c28fe006_fk_event_man FOREIGN KEY (ticket_type_id) REFERENCES public.event_management_tickettype(id) DEFERRABLE INITIALLY DEFERRED;


--
-- Name: booking_guest_checkout booking_guest_checkout_order_id_b4d3e22a_fk_booking_order_id; Type: FK CONSTRAINT; Schema: public; Owner: jersey_user
--

ALTER TABLE ONLY public.booking_guest_checkout
    ADD CONSTRAINT booking_guest_checkout_order_id_b4d3e22a_fk_booking_order_id FOREIGN KEY (order_id) REFERENCES public.booking_order(id) DEFERRABLE INITIALLY DEFERRED;


--
-- Name: booking_order_item booking_order_item_event_id_b47c417b_fk_event_man; Type: FK CONSTRAINT; Schema: public; Owner: jersey_user
--

ALTER TABLE ONLY public.booking_order_item
    ADD CONSTRAINT booking_order_item_event_id_b47c417b_fk_event_man FOREIGN KEY (event_id) REFERENCES public.event_management_event(id) DEFERRABLE INITIALLY DEFERRED;


--
-- Name: booking_order_item booking_order_item_order_id_8239e935_fk_booking_order_id; Type: FK CONSTRAINT; Schema: public; Owner: jersey_user
--

ALTER TABLE ONLY public.booking_order_item
    ADD CONSTRAINT booking_order_item_order_id_8239e935_fk_booking_order_id FOREIGN KEY (order_id) REFERENCES public.booking_order(id) DEFERRABLE INITIALLY DEFERRED;


--
-- Name: booking_order_item booking_order_item_ticket_type_id_e3e35b30_fk_event_man; Type: FK CONSTRAINT; Schema: public; Owner: jersey_user
--

ALTER TABLE ONLY public.booking_order_item
    ADD CONSTRAINT booking_order_item_ticket_type_id_e3e35b30_fk_event_man FOREIGN KEY (ticket_type_id) REFERENCES public.event_management_tickettype(id) DEFERRABLE INITIALLY DEFERRED;


--
-- Name: booking_order booking_order_user_id_8416d04b_fk_users_id; Type: FK CONSTRAINT; Schema: public; Owner: jersey_user
--

ALTER TABLE ONLY public.booking_order
    ADD CONSTRAINT booking_order_user_id_8416d04b_fk_users_id FOREIGN KEY (user_id) REFERENCES public.users(id) DEFERRABLE INITIALLY DEFERRED;


--
-- Name: booking_ticket booking_ticket_order_item_id_d676a1e9_fk_booking_order_item_id; Type: FK CONSTRAINT; Schema: public; Owner: jersey_user
--

ALTER TABLE ONLY public.booking_ticket
    ADD CONSTRAINT booking_ticket_order_item_id_d676a1e9_fk_booking_order_item_id FOREIGN KEY (order_item_id) REFERENCES public.booking_order_item(id) DEFERRABLE INITIALLY DEFERRED;


--
-- Name: django_admin_log django_admin_log_content_type_id_c4bce8eb_fk_django_co; Type: FK CONSTRAINT; Schema: public; Owner: jersey_user
--

ALTER TABLE ONLY public.django_admin_log
    ADD CONSTRAINT django_admin_log_content_type_id_c4bce8eb_fk_django_co FOREIGN KEY (content_type_id) REFERENCES public.django_content_type(id) DEFERRABLE INITIALLY DEFERRED;


--
-- Name: django_admin_log django_admin_log_user_id_c564eba6_fk_users_id; Type: FK CONSTRAINT; Schema: public; Owner: jersey_user
--

ALTER TABLE ONLY public.django_admin_log
    ADD CONSTRAINT django_admin_log_user_id_c564eba6_fk_users_id FOREIGN KEY (user_id) REFERENCES public.users(id) DEFERRABLE INITIALLY DEFERRED;


--
-- Name: event_management_event event_management_eve_category_id_09b555a3_fk_event_man; Type: FK CONSTRAINT; Schema: public; Owner: jersey_user
--

ALTER TABLE ONLY public.event_management_event
    ADD CONSTRAINT event_management_eve_category_id_09b555a3_fk_event_man FOREIGN KEY (category_id) REFERENCES public.event_management_category(id) DEFERRABLE INITIALLY DEFERRED;


--
-- Name: event_management_eventimage event_management_eve_event_id_662abc34_fk_event_man; Type: FK CONSTRAINT; Schema: public; Owner: jersey_user
--

ALTER TABLE ONLY public.event_management_eventimage
    ADD CONSTRAINT event_management_eve_event_id_662abc34_fk_event_man FOREIGN KEY (event_id) REFERENCES public.event_management_event(id) DEFERRABLE INITIALLY DEFERRED;


--
-- Name: event_management_eventplanpayment event_management_eve_event_id_d8ed203c_fk_event_man; Type: FK CONSTRAINT; Schema: public; Owner: jersey_user
--

ALTER TABLE ONLY public.event_management_eventplanpayment
    ADD CONSTRAINT event_management_eve_event_id_d8ed203c_fk_event_man FOREIGN KEY (event_id) REFERENCES public.event_management_event(id) DEFERRABLE INITIALLY DEFERRED;


--
-- Name: event_management_eventplanpayment event_management_eve_plan_id_6e41e4e2_fk_event_man; Type: FK CONSTRAINT; Schema: public; Owner: jersey_user
--

ALTER TABLE ONLY public.event_management_eventplanpayment
    ADD CONSTRAINT event_management_eve_plan_id_6e41e4e2_fk_event_man FOREIGN KEY (plan_id) REFERENCES public.event_management_platformplan(id) DEFERRABLE INITIALLY DEFERRED;


--
-- Name: event_management_event event_management_eve_platform_plan_id_9c7dce6c_fk_event_man; Type: FK CONSTRAINT; Schema: public; Owner: jersey_user
--

ALTER TABLE ONLY public.event_management_event
    ADD CONSTRAINT event_management_eve_platform_plan_id_9c7dce6c_fk_event_man FOREIGN KEY (platform_plan_id) REFERENCES public.event_management_platformplan(id) DEFERRABLE INITIALLY DEFERRED;


--
-- Name: event_management_event event_management_event_approved_by_id_41fadf7c_fk_users_id; Type: FK CONSTRAINT; Schema: public; Owner: jersey_user
--

ALTER TABLE ONLY public.event_management_event
    ADD CONSTRAINT event_management_event_approved_by_id_41fadf7c_fk_users_id FOREIGN KEY (approved_by_id) REFERENCES public.users(id) DEFERRABLE INITIALLY DEFERRED;


--
-- Name: event_management_event event_management_event_organizer_id_f2543f16_fk_organizers_id; Type: FK CONSTRAINT; Schema: public; Owner: jersey_user
--

ALTER TABLE ONLY public.event_management_event
    ADD CONSTRAINT event_management_event_organizer_id_f2543f16_fk_organizers_id FOREIGN KEY (organizer_id) REFERENCES public.organizers(id) DEFERRABLE INITIALLY DEFERRED;


--
-- Name: event_management_event event_management_event_reviewed_by_id_82430897_fk_users_id; Type: FK CONSTRAINT; Schema: public; Owner: jersey_user
--

ALTER TABLE ONLY public.event_management_event
    ADD CONSTRAINT event_management_event_reviewed_by_id_82430897_fk_users_id FOREIGN KEY (reviewed_by_id) REFERENCES public.users(id) DEFERRABLE INITIALLY DEFERRED;


--
-- Name: event_management_tickettype event_management_tic_event_id_1c190b13_fk_event_man; Type: FK CONSTRAINT; Schema: public; Owner: jersey_user
--

ALTER TABLE ONLY public.event_management_tickettype
    ADD CONSTRAINT event_management_tic_event_id_1c190b13_fk_event_man FOREIGN KEY (event_id) REFERENCES public.event_management_event(id) DEFERRABLE INITIALLY DEFERRED;


--
-- Name: organizers organizers_user_id_fe80e5b2_fk_users_id; Type: FK CONSTRAINT; Schema: public; Owner: jersey_user
--

ALTER TABLE ONLY public.organizers
    ADD CONSTRAINT organizers_user_id_fe80e5b2_fk_users_id FOREIGN KEY (user_id) REFERENCES public.users(id) DEFERRABLE INITIALLY DEFERRED;


--
-- Name: organizers organizers_verified_by_id_a909392d_fk_users_id; Type: FK CONSTRAINT; Schema: public; Owner: jersey_user
--

ALTER TABLE ONLY public.organizers
    ADD CONSTRAINT organizers_verified_by_id_a909392d_fk_users_id FOREIGN KEY (verified_by_id) REFERENCES public.users(id) DEFERRABLE INITIALLY DEFERRED;


--
-- Name: users_groups users_groups_group_id_2f3517aa_fk_auth_group_id; Type: FK CONSTRAINT; Schema: public; Owner: jersey_user
--

ALTER TABLE ONLY public.users_groups
    ADD CONSTRAINT users_groups_group_id_2f3517aa_fk_auth_group_id FOREIGN KEY (group_id) REFERENCES public.auth_group(id) DEFERRABLE INITIALLY DEFERRED;


--
-- Name: users_groups users_groups_user_id_f500bee5_fk_users_id; Type: FK CONSTRAINT; Schema: public; Owner: jersey_user
--

ALTER TABLE ONLY public.users_groups
    ADD CONSTRAINT users_groups_user_id_f500bee5_fk_users_id FOREIGN KEY (user_id) REFERENCES public.users(id) DEFERRABLE INITIALLY DEFERRED;


--
-- Name: users_user_permissions users_user_permissio_permission_id_6d08dcd2_fk_auth_perm; Type: FK CONSTRAINT; Schema: public; Owner: jersey_user
--

ALTER TABLE ONLY public.users_user_permissions
    ADD CONSTRAINT users_user_permissio_permission_id_6d08dcd2_fk_auth_perm FOREIGN KEY (permission_id) REFERENCES public.auth_permission(id) DEFERRABLE INITIALLY DEFERRED;


--
-- Name: users_user_permissions users_user_permissions_user_id_92473840_fk_users_id; Type: FK CONSTRAINT; Schema: public; Owner: jersey_user
--

ALTER TABLE ONLY public.users_user_permissions
    ADD CONSTRAINT users_user_permissions_user_id_92473840_fk_users_id FOREIGN KEY (user_id) REFERENCES public.users(id) DEFERRABLE INITIALLY DEFERRED;


--
-- PostgreSQL database dump complete
--

